Trial1_A0	Trial2_A0	Trial3_A0	Trial4_A0	Trial1_A2	Trial2_A2	Trial3_A2	Trial4_A2	T1_A0	T2_A0	T3_A0	T4_A0	T1_A2	T2_A2	T3_A2	T4_A2	T1_A1	T2_A1	T3_A1	T4_A1
3.958965563755225	2.4041522935246014	3.0464439531447733	4.066504461258493	14.724769691386994	14.082703883958152	15.652334484393633	13.694814334424224	3.6606815695458153	3.4978425435555445	3.303489236246702	3.2245495317558204	14.724769691386994	14.082703883958152	15.652334484393633	13.694814334424224	7.612850645632452	4.454797988217344	6.145259946152275	6.145259946152275
3.917896325360376	2.4529881208374094	3.2270965903139675	4.245520326855439	14.984182005354649	14.352116072828746	16.0005975951831	13.641920763120924	3.496159843859415	3.495403630398732	3.3077680667026863	3.2194453324092995	14.984182005354649	14.352116072828746	16.0005975951831	13.641920763120924	7.602055907865933	4.556583393899933	6.21122640483491	6.21122640483491
3.925492349018137	2.496180869350032	3.3614537271915235	4.42279449524447	15.386911290724084	14.516014560219569	16.435988133831792	13.59875913476191	3.413319697094402	3.4888570233644622	3.3181651450974905	3.216257241712184	15.386911290724084	14.516014560219569	16.435988133831792	13.59875913476191	7.587365257011583	4.623161277276324	6.3093059479038605	6.3093059479038605
4.008984255260198	2.673594716654766	3.619048113266481	4.663355488480165	15.791382532236694	14.72491320069333	16.62615642947565	13.517595221950735	3.4057296076679635	3.47850175954688	3.331126891252254	3.2050151447375264	15.791382532236694	14.72491320069333	16.62615642947565	13.517595221950735	7.783529632445891	4.6738069852732735	6.2245730676666176	6.2245730676666176
4.059128717262278	2.768914782043301	3.940621331258227	4.776104806762507	16.056233408552437	14.730718793507837	16.60900346789407	13.702617670964166	3.418346738426066	3.4657349590717983	3.342360432849365	3.197820095208588	16.056233408552437	14.730718793507837	16.60900346789407	13.702617670964166	7.856795673524125	4.6958350620898495	6.121615048752708	6.121615048752708
4.103336061948096	3.000279497633183	4.428639081639345	5.05274616171907	16.14477475456313	14.622123407407024	16.74074613352317	14.167207841294276	3.4529520658340846	3.449677370173278	3.347826760291906	3.190098183227144	16.14477475456313	14.622123407407024	16.74074613352317	14.167207841294276	7.848575906457437	4.582252707685289	6.154517609239583	6.154517609239583
4.146548550116721	3.190957537306657	4.663009171909606	5.338059951268074	15.993106483852891	14.68543152536732	16.77761883737491	14.518920337216612	3.468657963958468	3.4289456845410022	3.345871387260317	3.184699990015204	15.993106483852891	14.68543152536732	16.77761883737491	14.518920337216612	7.789377449956153	4.5199338195307535	6.208307593323547	6.208307593323547
4.170963184677033	3.385203462041912	4.820058230982699	5.413651695521184	16.042632185963495	15.057861828481538	17.0309368931791	14.805291226312017	3.500437953626232	3.4033043335888657	3.342426923823125	3.1840499294269127	16.042632185963495	15.057861828481538	17.0309368931791	14.805291226312017	7.742885396895432	4.53006122420913	6.25552062702076	6.25552062702076
4.193442468800948	3.665112432540822	5.089147283312665	5.853527937199385	15.732346882223608	15.0530968186857	17.294183057277788	15.46562159823296	3.538574087232244	3.3737311312804947	3.329931908149186	3.1787609774025074	15.732346882223608	15.0530968186857	17.294183057277788	15.46562159823296	7.820939323426103	4.558575844683764	6.290249742266257	6.290249742266257
4.251391930936803	3.8753963048277873	5.598401573145219	6.00561838903416	15.305547290558154	15.038364120959695	17.149231640404754	16.140746820107424	3.5717330625580708	3.343245558773717	3.3152258966507606	3.1713961191991364	15.305547290558154	15.038364120959695	17.149231640404754	16.140746820107424	7.925322315756333	4.586266133762628	6.2186593992635375	6.2186593992635375
4.264932424281696	4.113423718103825	5.972111365022545	6.346657123487814	15.028151326739648	14.914494050483851	17.045344280620935	16.531267586725104	3.5913754480614584	3.315485263934847	3.3127265163268182	3.17068407753414	15.028151326739648	14.914494050483851	17.045344280620935	16.531267586725104	8.136006731931333	4.562573658346872	6.119512154817027	6.119512154817027
4.444521415871131	4.433679077911896	6.284022132920894	6.49701544479066	14.868863052351683	15.04788063905366	16.751797743364747	16.633000853140263	3.5976427046405	3.2953237352276377	3.313807651937772	3.189367146530645	14.868863052351683	15.04788063905366	16.751797743364747	16.633000853140263	8.070566419194964	4.458514269600366	5.899557566114377	5.899557566114377
4.516665411387776	4.75436949051905	6.591665538324781	6.745593870212339	15.095024334719437	15.23471283445836	16.519669599966065	16.506734484286326	3.5903887205866605	3.2802214337167266	3.3321326414814765	3.1902926410204504	15.095024334719437	15.23471283445836	16.519669599966065	16.506734484286326	8.075130053510197	4.390473913231035	5.777520044657064	5.777520044657064
4.609048630340321	5.035112199677207	7.013444673664022	7.114673723442638	15.116763590492235	15.479762608064496	16.33762371167252	16.459934235930334	3.5714449664189085	3.276535549654073	3.427596060654997	3.368938778674386	15.116763590492235	15.479762608064496	16.33762371167252	16.459934235930334	8.086339901819962	4.280704645013085	5.725321661486067	5.725321661486067
4.650889894300083	5.362250728293684	7.551665203852598	7.395602685965549	15.469835774681073	15.315503155307724	16.05312625531567	16.429914233449015	3.543435797263782	3.2752776281007625	3.504859736443444	3.321480086122055	15.469835774681073	15.315503155307724	16.05312625531567	16.429914233449015	8.358308286092123	4.191027153929434	5.6165016469135916	5.6165016469135916
4.7425628012035785	5.641967713696348	8.226351899584515	7.7849624628139775	15.628590900134196	15.391852269793812	15.94775744487289	16.259164968130488	3.511958276237692	3.2840835083895743	3.507060818618898	3.372025857822033	15.628590900134196	15.391852269793812	15.94775744487289	16.259164968130488	8.538080828993287	4.065955875341874	5.496343831326808	5.496343831326808
4.968785491261314	6.028320302385686	9.096177051801586	8.204908015622681	15.475958810177	16.1667530722216	15.90528657794204	15.698119168251296	3.482521956983339	3.296746213422268	3.609218912809003	3.6842096031871976	15.475958810177	16.1667530722216	15.90528657794204	15.698119168251296	8.965554028933697	4.070840496656884	5.397073362654287	5.397073362654287
5.239338016638506	6.530237507921907	9.904708047473012	8.742115528176852	15.094261659378011	16.42201979252744	16.142782207171283	15.729717010124274	3.459247579232434	3.3200270043561684	3.9043055919878658	3.80400025056397	15.094261659378011	16.42201979252744	16.142782207171283	15.729717010124274	9.154867909771998	4.067661190012488	5.214926863453689	5.214926863453689
5.401902218785931	7.365152915661377	10.952735715914018	9.254191402532056	15.017025767259224	16.541001537654203	15.900356200839736	15.73427215509959	3.44426165480317	3.337052533375623	4.00961311319686	4.051486377733517	15.017025767259224	16.541001537654203	15.900356200839736	15.73427215509959	9.343863428670051	4.037114760107371	5.08662139879947	5.08662139879947
5.620388372610019	8.184506243374459	11.624690461080425	9.858614378793233	14.788725249652794	16.794511088755012	16.02055692510404	15.452778017419371	3.4368933076944064	3.3310693188235883	4.191363093654035	4.142183165787077	14.788725249652794	16.794511088755012	16.02055692510404	15.452778017419371	9.67981121443647	4.02961477505435	4.927118983213427	4.927118983213427
5.895424950302345	8.795884253129168	12.424174172722427	10.614547397733237	14.04767118212484	16.839388063630096	16.233191457469626	15.07172602731926	3.43534829948668	3.4214496562441505	4.375391424982238	4.287400520626559	14.04767118212484	16.839388063630096	16.233191457469626	15.07172602731926	10.039437558560707	4.0745596265341195	4.748272003850719	4.748272003850719
6.497502907007334	9.820951813237595	12.90736608708378	10.907260308465789	13.791250605425247	16.670574566514322	16.128978988331195	14.452435876955107	3.437171779139154	3.644586568019356	4.535280535255993	4.638057784564118	13.791250605425247	16.670574566514322	16.128978988331195	14.452435876955107	10.344863977083262	4.1281873337330754	4.583325668616791	4.583325668616791
7.085950510437882	10.60327440168552	13.5304522028232	11.140848220142946	13.5178368739022	16.40367653908109	15.649642496088722	14.832753738418935	3.4409881355980074	3.834891206205549	4.906031704146627	4.845913624799503	13.5178368739022	16.40367653908109	15.649642496088722	14.832753738418935	10.495039782279727	4.164420006629698	4.454573632868864	4.454573632868864
7.90073511459646	11.578475735790756	13.986593145435206	11.317286078999874	13.409537317029638	16.094914858069277	14.989580066097894	15.05376582901876	3.443459142449403	4.051433075007838	5.247335964393976	5.23181418885538	13.409537317029638	16.094914858069277	14.989580066097894	15.05376582901876	10.637029661375385	4.230322415694152	4.292903073436911	4.292903073436911
8.594165375592103	12.229551970119887	14.078803391010997	11.757488250814736	13.317169206320116	16.00651536252394	14.65927204333637	14.89043860096237	3.4423797074131066	4.482044039436239	5.681412896350621	5.584157675787886	13.317169206320116	16.00651536252394	14.65927204333637	14.89043860096237	10.489015671485367	4.2826552358468595	4.154665310528622	4.154665310528622
9.172282564844032	12.926389557016924	14.24614139747755	11.749303462793682	13.407005869011636	15.94781821101722	14.73497142276811	14.851342482732516	3.435840681069429	4.98080386855425	6.321368185830989	6.010856317070559	13.407005869011636	15.94781821101722	14.73497142276811	14.851342482732516	10.284955833106714	4.279924160089441	4.157804295734841	4.157804295734841
9.90635805530324	13.827305186343423	14.032027310424862	11.797452815132678	13.518314649484845	15.614045688538956	14.417790907569271	14.244315536154344	3.423684281483369	5.574694474616865	6.93512373991836	6.567924965035466	13.518314649484845	15.614045688538956	14.417790907569271	14.244315536154344	10.158490355104048	4.226258794864268	4.2520826246825205	4.2520826246825205
10.619510022672682	14.59537153452243	14.108958746347104	11.794734330828584	13.348767217993457	15.133750605252994	14.035348311949996	13.743263748541352	3.4102842848756345	6.001970245992906	7.527177924682071	7.167268660544526	13.348767217993457	15.133750605252994	14.035348311949996	13.743263748541352	10.291927980639828	4.213534193140524	4.261102212818596	4.261102212818596
11.57373883234599	15.165677477807789	14.267210329328323	11.792932284355825	13.111925470586636	15.180051333710836	13.65110701823538	13.208235548244089	3.3893573050838226	6.867750580646838	7.971111466315748	7.455097709553345	13.111925470586636	15.180051333710836	13.65110701823538	13.208235548244089	10.342306693649794	4.221587583106135	4.406043141811446	4.406043141811446
11.86307109629485	15.763970803961335	14.40741680641764	11.709975222743878	12.692518273280385	14.760700097257144	12.86043605942243	12.906418917871449	3.372633789498873	7.488704942823914	8.6007820428553	7.66082122638545	12.692518273280385	14.760700097257144	12.86043605942243	12.906418917871449	9.96593544143157	4.229703024083934	4.47996502908454	4.47996502908454
12.251557743394446	16.329228658824604	14.402991546593908	11.367262150734792	12.031002168778311	14.18213586394705	12.28478762410614	12.684062445112216	3.356166208910552	8.151728340824501	8.924130585223546	7.854616645109188	12.031002168778311	14.18213586394705	12.28478762410614	12.684062445112216	9.614045434340802	4.2114453525269315	4.483736267098679	4.483736267098679
12.3462562380049	16.826588678974034	14.403069631863705	10.723368507727349	11.239793662157428	13.497461676756211	11.684074522415743	12.273987111251998	3.3353410280474947	8.909953137750593	9.218796226375794	8.11790836671588	11.239793662157428	13.497461676756211	11.684074522415743	12.273987111251998	9.769552510269659	4.244526004976716	4.45804799586569	4.45804799586569
12.639996353195247	17.08390694640008	14.16186432924166	10.29454979311122	10.393696906738016	12.858615006535684	11.269049415799843	12.07364237052195	3.320689934272388	9.601017055877907	9.341063778310025	8.017160994577694	10.393696906738016	12.858615006535684	11.269049415799843	12.07364237052195	9.77621974823997	4.264573922740969	4.21092039303337	4.21092039303337
13.013744180171708	17.340133711394436	13.755971451417746	10.266128592455072	10.07792529418463	12.484178669952245	11.045551941958475	11.62872800970528	3.305381866789674	10.569918580652692	9.366140591349282	7.893600335823035	10.07792529418463	12.484178669952245	11.045551941958475	11.62872800970528	9.725954754822682	4.181661838585464	4.336112812197264	4.336112812197264
13.34802045431996	17.746080750162047	13.676486218289192	10.686619881218888	9.592453128200518	12.27649199903339	10.80141706135026	11.482554941963915	3.2998000642370826	11.516043597425735	9.385700112129143	7.751241765891725	9.592453128200518	12.27649199903339	10.80141706135026	11.482554941963915	9.460338297616346	4.292487167349606	4.234029222192517	4.234029222192517
13.632333774265092	18.08819716223041	13.679149562244849	10.978353457268796	9.090956189224052	11.926492327650958	10.2519237909559	11.894543569537928	3.2770394396765408	12.08611857719836	9.672875293439157	7.541570576770527	9.090956189224052	11.926492327650958	10.2519237909559	11.894543569537928	9.281260175217088	4.345745332938785	4.303405182174615	4.303405182174615
13.719626742197333	17.944405294915374	13.473276231755207	11.145979170189394	8.733622635548407	10.920238108469633	10.030588701036264	11.481199355721078	3.272672560943843	12.596125857822384	9.795437676792703	7.062709977369664	8.733622635548407	10.920238108469633	10.030588701036264	11.481199355721078	9.254706947947536	4.437219430957281	4.1589898879095895	4.1589898879095895
14.30308088792167	17.8543599965312	13.78774057762415	11.196080135040203	8.261471452723024	10.367070157608708	9.40705789242932	10.886634256463346	3.287001796897769	13.148909942034292	9.479433558552616	6.466211894076462	8.261471452723024	10.367070157608708	9.40705789242932	10.886634256463346	9.168696332810226	4.490979064028682	4.1824522511514175	4.1824522511514175
14.972638413421274	17.62111586059491	13.609292113859254	10.88062945199385	8.005704694823656	10.049851865389613	8.788263997898268	10.641623321842545	3.2788754175214887	13.354276401828177	9.065122663587182	6.041581099384333	8.005704694823656	10.049851865389613	8.788263997898268	10.641623321842545	8.873821341775237	4.5364485495682	4.333059812812173	4.333059812812173
15.565065780903105	17.615424595488708	12.545997895778523	10.555792449384647	7.983245853602018	9.231393276539004	8.124847659571639	10.347748066518486	3.2985805921850835	13.39427579694212	8.658595215187827	5.999386352177664	7.983245853602018	9.231393276539004	8.124847659571639	10.347748066518486	8.565637695559571	4.572478028953572	4.513258271677996	4.513258271677996
15.695707696328816	17.577243320643266	11.2031643579771	10.324744019456586	7.3727986027003745	9.293983888754024	7.766133223143284	10.216788849022734	3.5311794827313787	13.563679403116524	8.763578463143222	6.3521122941101495	7.3727986027003745	9.293983888754024	7.766133223143284	10.216788849022734	8.524827959198308	4.563636472762	4.654280517612025	4.654280517612025
15.692951292473944	17.869064960095866	11.4036195619137	10.1253996205805	6.849105471426394	9.115006461997448	7.4798250828303745	10.356720039658542	3.639890846185312	13.99266305851911	8.803098999891963	6.56069439447041	6.849105471426394	9.115006461997448	7.4798250828303745	10.356720039658542	8.50664868939776	4.602330267349761	4.965792869389695	4.965792869389695
15.629578697244018	18.180096329517	11.64069164685416	9.83462949966988	6.573737505751504	8.68367330910375	7.668937450302131	10.11612621632756	4.19444622179345	13.7515199303208	8.515165076569916	6.604716015603296	6.573737505751504	8.68367330910375	7.668937450302131	10.11612621632756	8.139054904824043	4.560174010330242	5.462571427336256	5.462571427336256
15.737272106326934	18.031630292378782	11.212236685190607	9.38179463425602	6.530888870635143	8.13504152164013	7.838414659162111	10.01447314500676	4.466023152484759	13.558480650771967	9.190595618773866	6.381300981373834	6.530888870635143	8.13504152164013	7.838414659162111	10.01447314500676	7.919213609142943	4.388336364650116	5.8289018719136525	5.8289018719136525
15.46012744993407	17.889770265009297	10.320866456024945	9.105773374992362	6.598024167793818	7.388487739653331	7.988105244678806	9.788598898037902	4.97008743943052	13.63758063218004	8.34504398345758	6.097903120549384	6.598024167793818	7.388487739653331	7.988105244678806	9.788598898037902	7.99928777514237	4.35363113915757	5.910787802420368	5.910787802420368
15.138738424282776	17.482841234545596	10.245694917066064	9.163066941325804	6.686150028450643	7.027539984836092	8.486230604633565	9.36763264234722	5.333536102179613	13.287596593549564	6.999099394553533	5.935667010905996	6.686150028450643	7.027539984836092	8.486230604633565	9.36763264234722	7.921713372345371	4.395804495968226	6.128117694057993	6.128117694057993
14.691025578568004	17.216349151363357	10.189326780225848	9.1006463447635	6.738050464718242	7.058932030869447	9.12128562602058	9.206657636538138	6.245923868012788	13.614532095990166	6.942060356184141	5.812456948775576	6.738050464718242	7.058932030869447	9.12128562602058	9.206657636538138	8.198632815351699	4.558360691045322	6.3862832998855525	6.3862832998855525
14.148906075807384	16.89441237172522	10.292397740431705	8.962486970521223	7.056846184458131	7.254921677212166	8.899495222745404	9.058074221494351	6.604872499458624	13.63927388014686	7.21971352803884	5.6771350539403125	7.056846184458131	7.254921677212166	8.899495222745404	9.058074221494351	8.413356069012615	4.596051026592044	6.379466368739863	6.379466368739863
13.611334288071138	16.98223978497777	9.76166532755155	8.748887138136407	6.515045576968259	7.592248633848066	8.79351566029381	8.737699142507498	6.8348696474566335	13.379363282227589	6.748880605605399	5.390635506313896	6.515045576968259	7.592248633848066	8.79351566029381	8.737699142507498	8.29036781358706	4.5470133226934815	6.215674790287711	6.215674790287711
12.897558984714475	16.371928435684012	9.034702892828577	8.648559146524732	6.774749052790917	7.51356883639468	8.732589529813556	8.559091949753165	7.198579003582203	13.311580087682236	5.97360105564687	5.244118629141718	6.774749052790917	7.51356883639468	8.732589529813556	8.559091949753165	7.8168392956388635	4.501067422865101	6.11295301751405	6.11295301751405
12.547440267425428	16.064732251106413	8.550789928283153	8.827964937478358	6.690948200147154	7.195831669600544	8.88166223608892	8.733988931523324	7.625971181721257	12.99219053765087	5.94751757536681	5.3170828912902754	6.690948200147154	7.195831669600544	8.88166223608892	8.733988931523324	7.6695058264907665	4.597468436353045	5.818907009649683	5.818907009649683
12.28359799014889	16.06968562565052	8.264932042483702	9.01211193546242	6.701515860070976	7.213085005252045	8.009567102988175	8.754526643998844	8.026443085036327	12.840771911033997	5.958034998754494	5.290723632870397	6.701515860070976	7.213085005252045	8.009567102988175	8.754526643998844	7.169893615844427	4.708992308028863	5.335646113636436	5.335646113636436
11.524922707027374	16.106611795872414	7.950911025326275	9.34822258892637	7.411424449205111	7.621617276220598	8.326392649609748	9.226592001619782	8.384806248789157	12.622686047560856	5.816881497040412	5.303392042293573	7.411424449205111	7.621617276220598	8.326392649609748	9.226592001619782	6.930672136978869	4.813214240734304	4.952495253089512	4.952495253089512
11.254318960401848	15.71984382936789	7.792900236092628	9.321943965430693	7.864923198696874	7.7454683654671985	8.498583608269747	9.822549933553692	8.606369668316594	12.450045280576418	5.511547433079666	5.116764812229517	7.864923198696874	7.7454683654671985	8.498583608269747	9.822549933553692	7.104668173255361	5.089122938119537	4.928842706533779	4.928842706533779
10.734806193664015	14.923345383460516	7.41487095648644	9.12621239646285	8.300985659236211	8.204873481235712	9.018774631629736	9.92925538116656	9.441340436256557	11.907807938210643	5.0697978596175055	5.2403750017625965	8.300985659236211	8.204873481235712	9.018774631629736	9.92925538116656	7.494290322487312	5.337893364259991	5.0139236244111	5.0139236244111
10.334525007202998	13.865560050080251	7.18086295954929	8.668047433106322	8.294756021460813	8.38859895367434	10.036247601310208	9.932093622750608	10.439445611128818	11.691225522014388	4.896556798958027	5.325687465543631	8.294756021460813	8.38859895367434	10.036247601310208	9.932093622750608	7.66361241079908	5.787512267143575	5.037574059937975	5.037574059937975
10.119370421553588	13.491689760025828	7.085139687266845	8.389007795045815	7.094204106150176	8.176863866261563	10.937689111616953	9.588840371412498	11.107721210486986	11.819551446490534	4.6968753818552855	5.55234705263713	7.094204106150176	8.176863866261563	10.937689111616953	9.588840371412498	7.7137516509575015	6.306889248019866	4.770550550604055	4.770550550604055
9.67470369277132	12.888708703737946	6.783545012349253	8.021809110969633	7.126774812667103	8.08351244935448	11.498561414906554	9.946010961224845	10.765387355907972	11.465952476713374	4.574795011123687	5.655846352645544	7.126774812667103	8.08351244935448	11.498561414906554	9.946010961224845	7.866062996317374	6.538637607950816	4.856157805647978	4.856157805647978
9.270447192541347	12.214369003196683	6.538725442500255	7.57178087190958	7.684274211287771	8.026771031700346	12.392049305029682	9.806845904251162	10.282982574535334	10.598047829219428	4.3215456876300085	5.554428686246366	7.684274211287771	8.026771031700346	12.392049305029682	9.806845904251162	7.7766629872794	6.59349822990253	4.713560243978974	4.713560243978974
8.926011624720793	12.185274978837027	6.113919381162906	7.348101798248448	9.43830916520547	9.347018806086322	13.607376591434882	9.467185722663787	10.586158963313244	9.508758859261963	4.182054758406613	5.2711596563243015	9.43830916520547	9.347018806086322	13.607376591434882	9.467185722663787	7.778352545244873	6.483467412822255	4.710379508221405	4.710379508221405
8.466576581923421	12.225594247651076	5.798698224728476	7.078213249978058	11.34406376943144	9.014080552985169	14.170398663727202	11.071955043892006	10.296988810084216	9.164904424810068	4.3998230357522345	5.113282224406157	11.34406376943144	9.014080552985169	14.170398663727202	11.071955043892006	7.599274811580295	6.408982045570466	4.496716906230921	4.496716906230921
8.06139093910628	12.24755403682732	5.575812318121514	6.988136136725984	12.67231124369398	9.132428249401157	14.73609396757268	12.62236094274214	9.771057599915943	8.688801903386677	4.765923931380627	4.973601206233642	12.67231124369398	9.132428249401157	14.73609396757268	12.62236094274214	7.532861467885914	6.395994789286091	4.160639061306576	4.160639061306576
7.968751385261593	11.614674089092636	4.87731696395145	6.4300699330508255	13.093494413069882	10.124796562794936	13.924154314488298	13.523217182919144	9.118920702864388	8.230441695510661	5.212367714634293	4.576775549929988	13.093494413069882	10.124796562794936	13.924154314488298	13.523217182919144	7.382648430235204	6.59980304573114	3.934903995435485	3.934903995435485
7.933617638863328	11.097902984240546	3.969309552748888	5.758516745730365	12.365903261460826	11.583140591441325	12.27136331389171	14.72481493628342	8.39996276816037	8.48257141845731	5.384325675705353	4.410051004936194	12.365903261460826	11.583140591441325	12.27136331389171	14.72481493628342	7.0219591856107675	6.465143446009582	3.8664228444586217	3.8664228444586217
7.624856935950498	10.943328353535463	2.959260927599821	5.294888188178527	12.237194643176188	13.410521993951622	11.154660051545717	14.089177517522256	7.493213546637292	8.633767064756164	5.720299753968618	4.332412272640272	12.237194643176188	13.410521993951622	11.154660051545717	14.089177517522256	6.865201588756995	6.289249467716969	4.114620233839472	4.114620233839472
7.221422503437876	10.898110083348646	2.14024060402224	4.6324777896329685	12.053710976978063	14.609337753055115	9.955674076678555	13.56751322683374	7.125792648999489	8.322428540196702	5.13123285787873	4.058933512281515	12.053710976978063	14.609337753055115	9.955674076678555	13.56751322683374	6.681357738376491	6.222621937031742	4.293739643183362	4.293739643183362
6.794668415659651	10.502172580499357	2.0161029832503776	4.196640652827266	11.9897775085194	13.334400239965538	8.316956807706676	12.237989199583309	6.82071924358124	7.884179132682751	4.34145926504849	4.024703106938793	11.9897775085194	13.334400239965538	8.316956807706676	12.237989199583309	6.306479012908163	5.956396726206844	3.8185422914186664	3.8185422914186664
6.26009153324189	9.535618121292847	1.9573936826464464	3.560800517050218	10.977094590962055	11.534956241923068	7.699030428702049	10.635193704817574	6.128456611634932	7.776295154389355	3.7588420076649487	3.9637793167812574	10.977094590962055	11.534956241923068	7.699030428702049	10.635193704817574	6.388055155702781	6.297946977763788	3.6875339048338667	3.6875339048338667
5.917660129512384	8.645878033257514	1.9591747354368405	3.1403110856021645	10.004123506175798	10.323127187433936	7.750874509532487	8.997434131637629	5.698570589774273	7.809544122005542	3.802206887782847	3.9566353926817857	10.004123506175798	10.323127187433936	7.750874509532487	8.997434131637629	6.218166163126377	6.491565859823722	3.718296577134417	3.718296577134417
5.472381996838338	7.721024844855137	1.9837351927079248	2.8271836637196497	8.87074742944861	9.257663949382698	7.621136183635712	8.326545524801805	5.337673742405196	7.493362800145449	3.853657717748873	3.989851745488476	8.87074742944861	9.257663949382698	7.621136183635712	8.326545524801805	6.271416684543215	6.243452795925648	3.680112963314413	3.680112963314413
5.027819915319684	7.054353660847015	2.021799345210007	2.658997525451729	7.359642698299603	8.446614287647483	7.0827340337363225	8.017949254749936	5.22492171658162	6.807752312919879	3.887752327906211	4.014238121794433	7.359642698299603	8.446614287647483	7.0827340337363225	8.017949254749936	5.821147561636498	5.982220375009322	3.660392066776272	3.660392066776272
4.662969992403689	6.58108351380678	1.981981976169843	2.634511654968776	6.357651061005515	7.900425213753617	6.37104312744667	7.907084711917939	5.024465279122674	6.157161847781836	3.925014990960283	4.03700921104299	6.357651061005515	7.900425213753617	6.37104312744667	7.907084711917939	5.761510822436498	5.635996208902825	3.82426313051538	3.82426313051538
4.311119121177172	6.111134337271311	2.0017791084779897	2.631941801657046	5.606752938201717	7.503140073820892	5.706361789344776	7.596779014911955	4.9012278574897685	5.568854018010642	3.932679634955032	4.064452690699999	5.606752938201717	7.503140073820892	5.706361789344776	7.596779014911955	5.6655203483729615	5.412042042240886	3.6401592787914807	3.6401592787914807
3.83537584738255	5.62645902404087	2.023225345395912	2.515413404052964	5.29937385315639	6.820910820029575	4.937429588492377	7.257463098089262	4.775268099605582	5.089742724495469	3.9515745571552814	4.073814923418062	5.29937385315639	6.820910820029575	4.937429588492377	7.257463098089262	5.747878945213808	5.009259416973346	3.609606555928002	3.609606555928002
3.2842398848375054	5.019902126342725	2.063671432393837	2.211312885198654	5.213068289375928	5.830133682436551	4.289742966362333	6.571255968831969	4.526394660799856	4.807746453603895	3.974235141869244	4.12360948543173	5.213068289375928	5.830133682436551	4.289742966362333	6.571255968831969	5.569541743169528	4.787225289879411	3.631052024059703	3.631052024059703
3.0195888249463367	4.378081739246997	2.091489474630244	2.072387497700636	4.967837976663152	5.024763977483968	4.1044828154064845	5.666937369626105	4.371806205947841	4.451540632740258	4.058727569657193	4.294345575871656	4.967837976663152	5.024763977483968	4.1044828154064845	5.666937369626105	5.240048071853139	4.454217828544571	3.6558566386116755	3.6558566386116755
2.702784714869241	3.889701494133036	2.1273021965019763	2.027450128615096	4.639607329071636	4.396439125955956	3.817519484496014	5.239962215933531	4.452947743153746	4.2188870469802575	4.097936001643862	4.420769353355391	4.639607329071636	4.396439125955956	3.817519484496014	5.239962215933531	4.71392253326581	4.096767398872374	3.7575042575191993	3.7575042575191993
2.4871993718455694	3.397894538562217	2.154196389017209	2.019449620726361	4.318431222135978	4.179104759157723	3.458524152589596	4.98909438169312	4.356883658822025	3.895766274993873	4.194230000588993	4.406327191331929	4.318431222135978	4.179104759157723	3.458524152589596	4.98909438169312	4.481031352524347	3.8840938589994956	3.7841229215155368	3.7841229215155368
2.4058613977129144	3.005291580023359	2.1664600303272663	1.9617279352790893	3.7501183563617992	3.963687725323136	3.2276913842470245	4.6201526257303325	4.128961234955514	3.893275290306491	4.268395060457937	4.455575958539655	3.7501183563617992	3.963687725323136	3.2276913842470245	4.6201526257303325	4.4256876364046205	4.10906671183232	4.423818606086659	4.423818606086659
2.219647149498836	2.66367884083525	2.1626381525479923	2.030959052023324	3.367501493772949	3.663899490546521	2.9510062577786287	4.371939893491258	3.875376123362299	3.67964884641389	4.309261301700698	4.561785368153101	3.367501493772949	3.663899490546521	2.9510062577786287	4.371939893491258	4.670826766255181	3.867453012386071	4.6487466024706645	4.6487466024706645
2.1546450872085448	2.384327532690675	2.140911783779832	1.9678308830496087	3.1268511516109894	3.239259127595464	2.802067531385452	4.045685332313097	3.882999883350808	3.620807956875757	4.33375567664816	4.880878853242367	3.1268511516109894	3.239259127595464	2.802067531385452	4.045685332313097	4.946828684040363	3.842188822426332	4.677905805320182	4.677905805320182
2.176803443872106	2.2315224360555894	2.101147344951518	2.033296848785328	3.106402011636368	2.861455607415504	2.656145258648492	3.6374560765701407	3.877582074344184	3.5240923623305744	4.320117162579646	5.076844085677576	3.106402011636368	2.861455607415504	2.656145258648492	3.6374560765701407	5.306990446671365	3.7201681342936657	4.68353875569374	4.68353875569374
2.071929759179055	2.0611912427917733	2.052044842510575	2.0189441545198545	2.9929855757101502	2.694089332976578	2.7592332842901803	3.2418501173772585	3.8698605648038735	3.451302516038063	4.2641348964090655	5.134960975978275	2.9929855757101502	2.694089332976578	2.7592332842901803	3.2418501173772585	4.952106691156885	3.7075967764823763	4.5603325128709145	4.5603325128709145
2.1003286030540846	1.8804475703924048	2.003761182167962	1.9292757580267352	2.7839808981137257	2.555905991216231	2.865374129907786	2.9531811331646085	3.914551733193746	3.426015011437308	4.170698167456492	5.138524829893435	2.7839808981137257	2.555905991216231	2.865374129907786	2.9531811331646085	4.432297842698392	3.7135413921398457	4.912010540666599	4.912010540666599
2.0344427723074627	1.861970645243712	1.9780048495491145	1.959635479715909	2.6455719655249315	2.77956725329874	2.68076437372218	2.855022527229856	4.060965580456173	3.404210061204307	4.057705265190722	5.085622840074291	2.6455719655249315	2.77956725329874	2.68076437372218	2.855022527229856	4.299824764749509	3.7139415994062572	5.056795933748295	5.056795933748295
2.057519334687933	1.8294161974429568	1.9792366843519789	1.969578701567657	2.674684837767876	2.893353202331408	2.2966861874070386	3.044108052306257	3.954005349875407	3.4464838302601604	3.946997686027515	4.886532546170506	2.674684837767876	2.893353202331408	2.2966861874070386	3.044108052306257	4.324151505580168	3.699905730892695	4.72159345295833	4.72159345295833
2.095636944576127	1.866193699113568	2.3562502422015896	1.889547939946732	2.746288815996795	2.6604704514371256	2.0230980454088234	3.1558374745640383	3.9764406535542776	3.527527038117993	3.855616785795685	4.884396712629847	2.746288815996795	2.6604704514371256	2.0230980454088234	3.1558374745640383	4.706509005553998	3.9824039977516557	4.283561888825147	4.283561888825147
2.141949236654544	1.9091778880853192	2.6109663993281456	1.8852411307586805	2.5624181721124515	2.4530335268779395	2.029492079550132	3.0214655600527123	4.000071561515058	3.632584273324599	3.793026204116362	4.744982089842822	2.5624181721124515	2.4530335268779395	2.029492079550132	3.0214655600527123	5.304553169374441	3.6160557267329034	3.954819600310803	3.954819600310803
2.133428514391406	1.946162083053884	2.716590348803641	1.9057519915672103	2.487200514907425	2.300099179937379	2.0152430265494967	2.6907111360678635	4.001496252747965	3.739917618981536	3.743160165476656	4.6835482844821	2.487200514907425	2.300099179937379	2.0152430265494967	2.6907111360678635	6.276146212466374	3.772648798168425	3.9425871287047634	3.9425871287047634
2.150553224586849	1.9697892662433736	2.710779377602346	2.014723452919124	2.6083541685390434	2.3208432844349955	2.000731700364165	2.4319300008622866	3.987781575642264	3.8687415692086047	3.709959513741476	4.519945865061906	2.6083541685390434	2.3208432844349955	2.000731700364165	2.4319300008622866	6.313939070378836	3.673333289628765	4.164654907256393	4.164654907256393
2.172969515594678	1.996267078850168	2.7357650407365366	2.1867102862905994	2.5922953907509627	2.575545132962371	2.010269904861545	2.454032249533304	3.9696948401706433	3.9010638804938975	3.699025323895619	4.345038807208256	2.5922953907509627	2.575545132962371	2.010269904861545	2.454032249533304	5.573050689751435	3.6057125694852115	4.219689053313497	4.219689053313497
2.296896868277853	2.015367156643555	2.7657920552513944	2.441566824533122	2.3955791776222912	2.6930144292075213	2.191851039881448	2.61006988741263	3.98334968809688	3.9468338750699385	3.707648043670559	4.2410664115191565	2.3955791776222912	2.6930144292075213	2.191851039881448	2.61006988741263	5.304688552204187	3.5801167806720047	4.113536334165104	4.113536334165104
2.245189323550345	2.0896736414959145	2.831807929625618	2.752945581978017	2.1951558830383333	2.7397570131403093	2.291640685171148	2.688889843751056	4.005833409688347	3.975594264466048	3.749072306164671	4.214289351245463	2.1951558830383333	2.7397570131403093	2.291640685171148	2.688889843751056	6.118901493455528	3.5804517304508297	3.959649976451826	3.959649976451826
2.41559146225633	2.201443538249068	2.840706453766846	3.100656314826291	2.0631766244185	3.110922931201046	2.4824679654737443	2.774448051863094	4.209106024390463	3.991705992583874	3.7502617439343657	4.168450583725754	2.0631766244185	3.110922931201046	2.4824679654737443	2.774448051863094	7.594650226754126	3.6155518624083216	3.795103546687537	3.795103546687537
2.440023761621525	2.5686428559860786	2.854050883261008	3.3503340672348503	1.9875539485596816	3.6906449231390175	2.713987993741053	3.0290907918019245	4.474834969778341	3.981861905459336	3.7770213466289615	4.143930675434336	1.9875539485596816	3.6906449231390175	2.713987993741053	3.0290907918019245	8.581603004367803	3.624581841185434	3.7709983785654533	3.7709983785654533
2.415210083459678	2.8895087445995142	2.660853995278332	3.3373838465166346	2.0005071811809843	4.065428117641262	2.9324471852980727	3.4059908722494066	4.535587680742774	3.9692793146554384	3.8044760851897865	4.219471739300681	2.0005071811809843	4.065428117641262	2.9324471852980727	3.4059908722494066	8.841199079186925	3.630662873161053	3.798273844230801	3.798273844230801
2.306580748490373	3.045879687679519	2.467201408080274	3.1632161633482005	2.424255388146336	4.626040659547218	3.2526571189440725	3.7669141306242353	4.407742176772409	3.9034271747581215	3.8050238824398974	4.231442528153108	2.424255388146336	4.626040659547218	3.2526571189440725	3.7669141306242353	8.177531431893604	3.644784046431962	3.8530852688196906	3.8530852688196906
2.139704210016013	3.2801919082257425	2.264527153666948	2.9523550146375284	3.0985918327354383	5.140966563416703	3.718718020539364	4.06795089422783	4.3139517527462985	3.856657674522037	3.80718418961838	4.354402437543676	3.0985918327354383	5.140966563416703	3.718718020539364	4.06795089422783	6.836121265353963	3.7240546451309795	3.8532623173055747	3.8532623173055747
2.2436515945715043	3.2700478350850264	2.0275335875466776	2.758973297727137	3.53387364169983	5.603526971998401	3.9858619444984	4.392658614820136	4.391919150082456	3.8050138698657054	3.7887904953661047	4.422020650269409	3.53387364169983	5.603526971998401	3.9858619444984	4.392658614820136	5.509760252185397	3.7479439704772024	3.8113437507958183	3.8113437507958183
2.5701699434844465	3.263362071462064	2.022184839595888	2.7563744632670626	3.959153276887919	5.974890816800484	4.119112974334251	4.797221716172614	4.406077173810783	3.757032818742656	3.7786444566962376	4.487564050305642	3.959153276887919	5.974890816800484	4.119112974334251	4.797221716172614	5.89744942100079	4.3020706169441985	3.7871616865355717	3.7871616865355717
2.964291721131774	3.0871451531577283	2.043266800908563	2.7712533743536327	4.206696329996897	6.043566862986548	4.246941468255173	5.029620840022727	4.381766063704797	3.720679840790366	3.766244341959248	4.516718784848373	4.206696329996897	6.043566862986548	4.246941468255173	5.029620840022727	8.22302493322042	6.104773807213422	3.994941010674423	3.994941010674423
